Theresina Penwright,3891,42,tpenwright0@umn.edu,656148376
Ardella Fisby,2947,64,afisby1@hostgator.com,701994383
Kali Boyson,3187,93,kboyson2@jugem.jp,363607025
Winslow Josselsohn,2662,87,wjosselsohn3@xrea.com,617032056
Onfroi Lewins,3408,63,olewins4@smugmug.com,897870429
Web Firth,2015,72,wfirth5@blogger.com,815423957
Hilario Kellett,2674,66,hkellett6@shinystat.com,704415289
Kelcy Scrimshaw,3137,35,kscrimshaw7@cbslocal.com,182558559
Kristien Kuhl,2867,32,kkuhl8@google.it,499659862
Kirsti Gissop,3704,48,kgissop9@paginegialle.it,565900267
Ericka D'Antonio,3404,36,edantonioa@foxnews.com,580975521
Paten Yosevitz,2708,93,pyosevitzb@upenn.edu,481008870
Sadie Ivashkin,3838,63,sivashkinc@free.fr,645627594
Alvan Millard,2060,36,amillardd@earthlink.net,135652042
Rhys Van Vuuren,2931,65,rvane@npr.org,436724776
Devi Maskall,2378,32,dmaskallf@techcrunch.com,368553318
Leeland Rathke,2674,79,lrathkeg@bing.com,857771100
Ilysa Bellam,3365,75,ibellamh@vinaora.com,923184535
Tabby Hearse,3690,55,thearsei@salon.com,111445646
Kelly Davidman,3744,52,kdavidmanj@china.com.cn,980246834
Gayler Avarne,2321,86,gavarnek@sitemeter.com,613390613
Ardath Stollsteimer,3415,80,astollsteimerl@furl.net,516395515
Lucais Wilber,3208,25,lwilberm@ifeng.com,599316135
Dacie Coalburn,2966,66,dcoalburnn@youtu.be,235054940
Chrissie Mears,3512,74,cmearso@netlog.com,487835768
Abbie Gowland,3818,84,agowlandp@opera.com,925191634
Julienne Kaye,2851,48,jkayeq@blogger.com,577236631
Bob Gooble,3641,20,bgoobler@joomla.org,531548215
Saxe Humes,3182,76,shumess@geocities.com,222477637
Renee Perillio,2632,38,rperilliot@w3.org,238865479
